Class_ID,Count,Class_Name
22,280,Tomato leaf late blight
29,133,grape leaf
12,318,Potato leaf late blight
15,266,Soyabean leaf
18,473,Strawberry leaf
25,801,Tomato leaf
5,838,Blueberry leaf
26,295,Tomato mold leaf
9,127,Corn rust leaf
23,218,Tomato leaf mosaic virus
8,368,Corn leaf blight
10,589,Peach leaf
17,256,Squash Powdery mildew leaf
19,212,Tomato Early blight leaf
3,323,Bell_pepper leaf spot
2,178,Apple rust leaf
28,220,grape leaf black rot
6,239,Cherry leaf
20,426,Tomato Septoria leaf spot
24,261,Tomato leaf yellow virus
0,171,Apple Scab Leaf
1,247,Apple leaf
13,245,Potato leaf
7,76,Corn Gray leaf spot
4,263,Bell_pepper leaf
21,400,Tomato leaf bacterial spot
14,556,Raspberry leaf
11,11,Potato leaf early blight
16,15,Soybean leaf
27,2,Tomato two spotted spider mites leaf
