Class_Name,Images,Instances,Precision,Recall,mAP@0.5,mAP@0.5:0.95
Corn rust leaf,349,13,0.273,0.923,0.723,0.604
Peach leaf,349,59,0.226,0.661,0.436,0.253
Strawberry leaf,349,83,0.195,0.892,0.432,0.292
Apple leaf,349,44,0.263,0.649,0.406,0.284
Corn Gray leaf spot,349,5,0.162,1.0,0.377,0.179
Raspberry leaf,349,129,0.247,0.767,0.377,0.224
Tomato leaf,349,61,0.155,0.689,0.357,0.152
Blueberry leaf,349,133,0.227,0.707,0.344,0.188
Corn leaf blight,349,52,0.351,0.365,0.303,0.154
Tomato Septoria leaf spot,349,58,0.383,0.139,0.251,0.13
grape leaf,349,14,1.0,0.0,0.183,0.147
Tomato leaf yellow virus,349,53,0.212,0.0866,0.153,0.0912
Soyabean leaf,349,35,0.0967,0.743,0.15,0.118
Squash Powdery mildew leaf,349,44,0.246,0.0455,0.131,0.0593
Cherry leaf,349,33,0.141,0.234,0.126,0.0762
Bell_pepper leaf spot,349,58,0.569,0.0464,0.0952,0.046
Apple rust leaf,349,22,1.0,0.0,0.0875,0.0547
Tomato leaf bacterial spot,349,58,0.0,0.0,0.0774,0.0429
Tomato leaf late blight,349,48,1.0,0.0,0.0742,0.036
Potato leaf,349,41,0.0,0.0,0.0732,0.0406
Potato leaf late blight,349,40,1.0,0.0,0.0614,0.0361
Tomato leaf mosaic virus,349,39,1.0,0.0,0.0561,0.0267
Bell_pepper leaf,349,33,1.0,0.0,0.052,0.032
Apple Scab Leaf,349,24,1.0,0.0,0.0416,0.0244
Tomato mold leaf,349,43,1.0,0.0,0.038,0.0212
Tomato Early blight leaf,349,18,1.0,0.0,0.0273,0.016
grape leaf black rot,349,17,0.0,0.0,0.0262,0.0166
