Class_Name,mAP@0.5,mAP@0.5:0.95,Precision,Recall,Count
Corn rust leaf,0.723,0.604,0.273,0.923,127
Peach leaf,0.436,0.253,0.226,0.661,589
Strawberry leaf,0.432,0.292,0.195,0.892,473
Apple leaf,0.406,0.284,0.263,0.649,247
Corn Gray leaf spot,0.377,0.179,0.162,1.0,76
Raspberry leaf,0.377,0.224,0.247,0.767,556
Tomato leaf,0.357,0.152,0.155,0.689,801
Blueberry leaf,0.344,0.188,0.227,0.707,838
Corn leaf blight,0.303,0.154,0.351,0.365,368
Tomato Septoria leaf spot,0.251,0.13,0.383,0.139,426
grape leaf,0.183,0.147,1.0,0.0,133
Tomato leaf yellow virus,0.153,0.0912,0.212,0.0866,261
Soyabean leaf,0.15,0.118,0.0967,0.743,266
Squash Powdery mildew leaf,0.131,0.0593,0.246,0.0455,256
Cherry leaf,0.126,0.0762,0.141,0.234,239
Bell_pepper leaf spot,0.0952,0.046,0.569,0.0464,323
Apple rust leaf,0.0875,0.0547,1.0,0.0,178
Tomato leaf bacterial spot,0.0774,0.0429,0.0,0.0,400
Tomato leaf late blight,0.0742,0.036,1.0,0.0,280
Potato leaf,0.0732,0.0406,0.0,0.0,245
Potato leaf late blight,0.0614,0.0361,1.0,0.0,318
Tomato leaf mosaic virus,0.0561,0.0267,1.0,0.0,218
Bell_pepper leaf,0.052,0.032,1.0,0.0,263
Apple Scab Leaf,0.0416,0.0244,1.0,0.0,171
Tomato mold leaf,0.038,0.0212,1.0,0.0,295
Tomato Early blight leaf,0.0273,0.016,1.0,0.0,212
grape leaf black rot,0.0262,0.0166,0.0,0.0,220
